loss,mape,val_loss,val_mape
0.05848294496536255,373654.3125,0.03896574676036835,272.9346008300781
0.03339182958006859,269517.4375,0.01829017698764801,187.67391967773438
0.016737105324864388,168412.34375,0.00864354893565178,114.49710083007812
0.009462055750191212,121968.7578125,0.005116282496601343,67.39500427246094
0.006806435063481331,73739.765625,0.004361805506050587,42.974639892578125
0.005522406660020351,49108.390625,0.003707821713760495,35.609519958496094
