loss,mape,val_loss,val_mape
0.020924914628267288,170509.765625,0.008620203472673893,92.52953338623047
0.006963557563722134,54742.7734375,0.007379099261015654,75.37799835205078
0.006305441725999117,56060.08203125,0.004806366749107838,47.07982635498047
0.00527116609737277,40726.26953125,0.004541423637419939,35.900569915771484
0.004759186413139105,55800.2734375,0.003512368304654956,40.354942321777344
0.004169940482825041,57097.3828125,0.003679382847622037,28.25105857849121
