loss,mape,val_loss,val_mape
0.02496183291077614,136937.125,0.013099826872348785,110.64278411865234
0.009378952905535698,50466.79296875,0.009753215126693249,41.36003112792969
0.008618047460913658,44427.24609375,0.00835068617016077,59.708778381347656
0.007733978796750307,43717.8203125,0.007645158562809229,64.7125244140625
0.006843021139502525,39816.86328125,0.006629790645092726,61.21187973022461
0.0058624655939638615,40636.875,0.007132519967854023,37.37087631225586
