loss,mape,val_loss,val_mape
0.054079972207546234,370786.71875,0.034470368176698685,279.0046081542969
0.027070889249444008,253033.6875,0.012232686392962933,164.3413848876953
0.01144218910485506,146906.9375,0.005771311931312084,93.06230926513672
0.006960554048418999,104033.1953125,0.004515738692134619,65.00054931640625
0.0056495810858905315,79031.4140625,0.0038949456065893173,49.38419723510742
0.005083250813186169,64238.37890625,0.0036145304329693317,41.867759704589844
