loss,mape,val_loss,val_mape
0.05363855138421059,303832.875,0.024084551259875298,362614.0
0.025241360068321228,72295.15625,0.011791829951107502,389863.0625
0.019308099523186684,54550.1328125,0.013122950680553913,143453.421875
0.016574468463659286,38257.546875,0.010967029258608818,258059.984375
0.01500354427844286,55563.1484375,0.01125761866569519,114058.1796875
0.01337033323943615,46954.53515625,0.01613200455904007,83771.015625
